cycle,offset
0,-6.0
1,0.085943
2,-0.184646
3,-0.409393
4,-0.595067
5,-0.749161
6,-0.888072
7,-0.990673
8,-1.078723
9,-1.151233
10,-1.219464
11,-1.268749
12,-1.310265
13,-1.34455
14,-1.386626
15,-1.404103
16,-1.423868
17,-1.43495
18,-1.44711
19,-1.456335
20,-1.468022
