cycle,offset
0,-5.5
1,-0.26352
2,-0.471802
3,-0.643566
4,-0.795551
5,-0.913303
6,-1.015752
7,-1.080472
8,-1.153695
9,-1.19902
10,-1.259858
11,-1.302605
12,-1.336411
13,-1.353469
14,-1.384205
15,-1.404938
16,-1.421856
17,-1.438591
18,-1.451676
19,-1.460356
20,-1.465954
21,-1.476067
22,-1.482447
23,-1.490417
24,-1.495256
25,-1.495246
26,-1.494902
27,-1.509509
28,-1.511736
29,-1.509135
