cycle,offset
0,3.5
1,-0.25552
2,-0.466298
3,-0.638066
4,-0.792553
5,-0.913303
6,-1.011737
7,-1.078127
8,-1.152695
9,-1.196021
10,-1.255345
11,-1.303104
12,-1.334413
13,-1.356969
14,-1.383953
15,-1.400287
16,-1.420853
17,-1.435594
18,-1.450176
19,-1.459356
20,-1.465459
21,-1.471566
22,-1.480454
23,-1.486886
24,-1.490719
25,-1.491247
26,-1.492904
27,-1.509509
28,-1.507235
29,-1.504637
