cycle,offset
1,-1.521382
2,-1.407054
3,-1.797511
4,-1.588447
5,-2.843532
6,-2.515203
7,-2.269495
8,-2.081899
9,-1.939411
10,-1.832629
11,-1.761149
12,-1.700292
13,-1.656492
14,-1.620993
15,-1.594127
16,-1.567201
17,-1.553561
18,-1.550723
19,-1.545273
20,-1.537086
21,-1.526646
22,-1.51456
23,-1.517162
24,-1.514444
25,-1.511323
26,-1.510777
27,-1.506818
28,-1.511697
29,-1.526854
30,-1.513312
31,-1.516634
32,-1.523391
33,-1.490817
34,-1.500307
