cycle,offset
0,12.5
1,2.33325
2,1.944333
3,1.620083
4,1.35
5,1.124918
6,0.937497
7,0.780916
8,0.650833
9,0.542998
10,0.452744
11,0.377167
12,0.314167
13,0.261751
14,0.218089
15,0.181917
16,0.1515
17,0.126667
18,0.10525
19,0.087662
20,0.073078
21,0.061
22,0.051244
23,0.0425
24,0.035582
25,0.029333
26,0.024082
27,0.02
28,0.016833
29,0.014167
30,0.011501
