cycle,offset
0,0.0
1,-0.267523
2,-0.474341
3,-0.643566
4,-0.794049
5,-0.919301
6,-1.016251
7,-1.080472
8,-1.154196
9,-1.214348
10,-1.263365
11,-1.305608
12,-1.339442
13,-1.361973
14,-1.385923
15,-1.409436
16,-1.422854
17,-1.443604
18,-1.453175
19,-1.464364
20,-1.466961
21,-1.478564
22,-1.485443
23,-1.489949
24,-1.493725
25,-1.494745
26,-1.497901
27,-1.515517
28,-1.511237
29,-1.512137
