cycle,offset
0,-6.0
1,2.33325
2,1.944333
3,1.619583
4,1.35
5,1.124918
6,0.937497
7,0.781417
8,0.650833
9,0.542501
10,0.452251
11,0.376667
12,0.314167
13,0.261751
14,0.218089
15,0.181417
16,0.1515
17,0.126665
18,0.10525
19,0.087163
20,0.073078
21,0.061
22,0.050751
23,0.0425
24,0.035084
25,0.029333
26,0.024082
27,0.020501
28,0.016833
29,0.014167
30,0.011501
