cycle,offset
0,2.0
1,0.069903
2,-0.198948
3,-0.415392
4,-0.599088
5,-0.753157
6,-0.883098
7,-0.994551
8,-1.084242
9,-1.155968
10,-1.220964
11,-1.272295
12,-1.318929
13,-1.346548
14,-1.39142
15,-1.412643
16,-1.428769
17,-1.442799
18,-1.452618
19,-1.458833
20,-1.471541
