cycle,offset
0,8.0
1,-0.247511
2,-0.458781
3,-0.639061
4,-0.788047
5,-0.909307
6,-1.010737
7,-1.076121
8,-1.149692
9,-1.208188
10,-1.252345
11,-1.296464
12,-1.332411
13,-1.3482
14,-1.376656
15,-1.399423
16,-1.417063
17,-1.434596
18,-1.447667
19,-1.455354
20,-1.463945
21,-1.471065
22,-1.475946
23,-1.48057
24,-1.485269
25,-1.488738
26,-1.493404
27,-1.498788
28,-1.506234
29,-1.505134
