cycle,offset
0,-5.5
1,0.075411
2,-0.194692
3,-0.415392
4,-0.60028
5,-0.750157
6,-0.889587
7,-0.991285
8,-1.080726
9,-1.152735
10,-1.241139
11,-1.27029
12,-1.31793
13,-1.345563
14,-1.386626
15,-1.40711
16,-1.423362
17,-1.438949
18,-1.449611
19,-1.457834
20,-1.468022
