cycle,offset
1,-3.052306
2,-3.544271
3,-3.305818
4,-3.191063
5,-2.844035
6,-2.514703
7,-2.270492
8,-2.088912
9,-1.947831
10,-1.837133
11,-1.761652
12,-1.700292
13,-1.656492
14,-1.620993
15,-1.594127
16,-1.566698
17,-1.553561
18,-1.550225
19,-1.538274
20,-1.536097
21,-1.527152
22,-1.513925
23,-1.517662
24,-1.508838
25,-1.511323
26,-1.510777
27,-1.506818
28,-1.510748
29,-1.516359
30,-1.522308
31,-1.526678
32,-1.524327
33,-1.490817
34,-1.500307
