cycle,offset
1,-4.897581
2,-5.125184
3,-4.822583
4,-5.070001
5,-2.843028
6,-2.514703
7,-2.268996
8,-2.082398
9,-1.938912
10,-1.831131
11,-1.759143
12,-1.694308
13,-1.653496
14,-1.619492
15,-1.589125
16,-1.563707
17,-1.549564
18,-1.543227
19,-1.539775
20,-1.5301
21,-1.51765
22,-1.508974
23,-1.514665
24,-1.512837
25,-1.510823
26,-1.509778
27,-1.506319
28,-1.5067
29,-1.515354
30,-1.513811
31,-1.516139
32,-1.525326
33,-1.483816
34,-1.494222
