cycle,offset
0,50.0
1,8.069033
2,6.466534
3,5.134873
4,4.024941
5,3.096378
6,2.327264
7,1.685295
8,1.147861
9,0.69882
10,0.325593
11,0.014019
12,-0.255606
13,-0.470277
14,-0.644738
15,-0.794829
16,-0.915805
17,-1.013884
18,-1.104931
19,-1.171623
20,-1.23218
21,-1.284198
22,-1.326504
23,-1.361982
24,-1.388469
25,-1.41642
26,-1.43061
27,-1.446233
28,-1.457274
29,-1.464752
30,-1.474941
