cycle,offset
0,8.0
1,0.085938
2,-0.182894
3,-0.409892
4,-0.593562
5,-0.748662
6,-0.878596
7,-0.989805
8,-1.078223
9,-1.151732
10,-1.210452
11,-1.268249
12,-1.308271
13,-1.345057
14,-1.379363
15,-1.405112
16,-1.42185
17,-1.43495
18,-1.44761
19,-1.456836
20,-1.467094
