cycle,offset
0,8.0
1,8.08025
2,6.477985
3,5.13536
4,4.027943
5,3.100039
6,2.327265
7,1.684035
8,1.148869
9,0.701324
10,0.330093
11,0.02019
12,-0.250361
13,-0.472001
14,-0.645242
15,-0.79183
16,-0.914846
17,-1.01289
18,-1.097926
19,-1.167625
20,-1.226185
21,-1.277694
22,-1.316541
23,-1.350436
24,-1.383038
25,-1.411408
26,-1.425567
27,-1.43974
28,-1.451779
29,-1.456753
30,-1.46992
