cycle,offset
0,3.5
1,8.077245
2,6.472865
3,5.134379
4,4.024941
5,3.099044
6,2.327264
7,1.685295
8,1.148869
9,0.703822
10,0.33159
11,0.021192
12,-0.24886
13,-0.470276
14,-0.645745
15,-0.794829
16,-0.917107
17,-1.013884
18,-1.098925
19,-1.171122
20,-1.227185
21,-1.279156
22,-1.318321
23,-1.356499
24,-1.383538
25,-1.411408
26,-1.427595
27,-1.441734
28,-1.453278
29,-1.461754
30,-1.471419
