cycle,offset
0,-6.0
1,-0.248522
2,-0.462801
3,-0.638564
4,-0.78855
5,-0.912803
6,-1.010736
7,-1.075621
8,-1.149193
9,-1.208188
10,-1.251336
11,-1.295968
12,-1.333412
13,-1.352148
14,-1.380165
15,-1.399928
16,-1.420853
17,-1.436595
18,-1.448168
19,-1.459356
20,-1.463945
21,-1.471566
22,-1.477444
23,-1.482888
24,-1.487272
25,-1.491247
26,-1.492904
27,-1.505012
28,-1.506234
29,-1.505134
