cycle,offset
0,-10.5
1,2.33375
2,1.944333
3,1.620083
4,1.35
5,1.124918
6,0.937002
7,0.780916
8,0.650833
9,0.542501
10,0.452251
11,0.376667
12,0.314167
13,0.261751
14,0.218089
15,0.181917
16,0.151
17,0.126167
18,0.10525
19,0.087662
20,0.073078
21,0.061
22,0.050751
23,0.0425
24,0.035084
25,0.029333
26,0.024589
27,0.02
28,0.016833
29,0.014167
30,0.011501
