cycle,offset
0,-6.0
1,8.08025
2,6.475984
3,5.135867
4,4.028443
5,3.099541
6,2.327265
7,1.684125
8,1.149341
9,0.703822
10,0.330592
11,0.020692
12,-0.255606
13,-0.460517
14,-0.645745
15,-0.791332
16,-0.914846
17,-1.013884
18,-1.098925
19,-1.167625
20,-1.227185
21,-1.277694
22,-1.317987
23,-1.355219
24,-1.383037
25,-1.410415
26,-1.425567
27,-1.439239
28,-1.451279
29,-1.463254
30,-1.46992
