cycle,offset
0,2.0
1,2.33325
2,1.944333
3,1.620083
4,1.35
5,1.124918
6,0.937497
7,0.780916
8,0.650833
9,0.541997
10,0.452251
11,0.376667
12,0.314167
13,0.261751
14,0.218089
15,0.181917
16,0.152
17,0.126167
18,0.10525
19,0.08819
20,0.07361
21,0.061
22,0.050751
23,0.042999
24,0.035084
25,0.029333
26,0.024082
27,0.02
28,0.016833
29,0.014167
30,0.011997
