cycle,offset
0,-5.5
1,8.073244
2,6.470344
3,5.134873
4,4.024941
5,3.099537
6,2.327265
7,1.6848
8,1.149814
9,0.700817
10,0.330592
11,0.01719
12,-0.255107
13,-0.461516
14,-0.645746
15,-0.794328
16,-0.915805
17,-1.013884
18,-1.103427
19,-1.172624
20,-1.226685
21,-1.284198
22,-1.324003
23,-1.361485
24,-1.388469
25,-1.412409
26,-1.428601
27,-1.442734
28,-1.455275
29,-1.464752
30,-1.476244
