cycle,offset
0,3.5
1,0.07792
2,-0.188655
3,-0.410392
4,-0.593562
5,-0.748161
6,-0.883098
7,-0.990316
8,-1.080726
9,-1.152234
10,-1.217468
11,-1.269769
12,-1.311342
13,-1.345563
14,-1.385624
15,-1.40711
16,-1.424363
17,-1.437948
18,-1.45161
19,-1.457834
20,-1.466558
